,State,TotalPop,Hispanic,White,Black,Native,Asian,Pacific,Income,GenderPop
0,Maryland,5930538,8.47249820014399%,52.679049676026%,30.6777537796976%,0.20309575233981300%,5.325413966882650%,0.03628509719222460%,$78765.40,2872643M_F
1,Massachusetts,6705586,11.461065573770500%,73.04105191256850%,6.83312841530056%,0.12827868852459000%,5.835655737704910%,0.0198087431693989%,$72838.94,3249650M_3455936F
2,Michigan,9900571,4.634992732558130%,72.38172238372080%,17.633103197674398%,0.48441133720930300%,2.4231104651162800%,0.01954941860465120%,$51201.83,4861973M_5038598F
3,Minnesota,5419171,5.152923538230899%,81.42706146926541%,5.65982008995502%,1.069040479760120%,4.156071964018000%,0.032908545727136400%,$62820.83,2692166M_2727005F
4,Mississippi,2988081,2.842401215805470%,53.28632218844980%,41.491945288753804%,0.3899696048632220%,0.8764437689969610%,0.015045592705167200%,$38909.92,1451723M_1536358F
5,Missouri,6045448,4.037247838616720%,77.508069164265%,14.122118155619601%,0.36332853025936600%,1.6244956772334300%,0.10165706051873200%,$49763.99,2964003M_3081445F