,State,TotalPop,Hispanic,White,Black,Native,Asian,Pacific,Income,GenderPop
0,Alabama,4830620,3.7516156462585000%,61.878656462585%,31.25297619047620%,0.4532312925170070%,1.0502551020408100%,0.03435374149659870%,$43296.36,2341093M_2489527F
1,Alaska,733375,5.909580838323350%,60.910179640718596%,2.8485029940119800%,16.39101796407190%,5.450299401197601%,1.0586826347305400%,$70354.74,384160M_349215F
2,Arizona,6641928,29.565921052631500%,57.120000000000005%,3.8509868421052700%,4.35506578947368%,2.876578947368420%,0.16763157894736800%,$54207.82,3299088M_3342840F
3,Arkansas,2958208,6.215474452554740%,71.13781021897810%,18.968759124087600%,0.5229197080291970%,1.1423357664233600%,0.14686131386861300%,$41935.63,1451913M_1506295F
4,California,38421464,37.291874687968104%,40.21578881677470%,5.677396405391910%,0.40529206190713700%,13.052234148776801%,0.35141038442336400%,$67264.78,19087135M_19334329F
5,Colorado,5278906,20.78438003220610%,69.89557165861500%,3.546376811594200%,0.5738325281803550%,2.661996779388080%,,$64657.80,2648667M_2630239F