,State,TotalPop,Hispanic,White,Black,Native,Asian,Pacific,Income,GenderPop
0,Ohio,11575977,3.6720843250595000%,75.90306018361100%,16.207276436586200%,0.16888813328799700%,1.6210812648759000%,0.022645358721523300%,$49655.25,5662893M_5913084F
1,Oklahoma,3849733,10.0799043062201%,66.05942583732049%,8.314736842105260%,6.716842105263160%,1.8011483253588500%,0.10622009569378000%,$48100.85,1906944M_1942789F
2,Oregon,3939233,11.441212121212100%,78.39551515151520%,1.730787878787880%,1.0002424242424300%,3.594909090909090%,0.3453333333333330%,$54271.90,1948453M_1990780F
3,Pennsylvania,12779559,6.128013741411619%,77.38385384134911%,11.633947532792000%,0.11926920674578400%,2.7977514053716500%,0.019394128669581500%,$56170.46,6245344M_6534215F
4,Puerto Rico,3583073,98.89357384441941%,0.7736189402480270%,0.0925591882750846%,0.0028184892897407000%,0.07519729425028190%,0.0012401352874859100%,$20720.54,1713860M_1869213F
5,Rhode Island,1053661,13.356666666666700%,74.32541666666670%,5.68291666666667%,0.3462500000000000%,3.2475000000000000%,0.035833333333333300%,$59125.27,510388M_543273F