,State,TotalPop,Hispanic,White,Black,Native,Asian,Pacific,Income,GenderPop
0,Iowa,3093526,5.30364520048603%,87.71968408262461%,3.2569866342648900%,0.2897934386391250%,1.699392466585660%,0.055164034021871200%,$53017.75,1534595M_1558931F
1,Kansas,2892987,11.644342105263100%,75.95828947368430%,6.5678947368421%,0.7339473684210530%,2.331052631578950%,,$53885.61,1439862M_1453125F
2,Kentucky,4397353,3.222993688007210%,85.2307484220019%,8.272317403065830%,0.1666366095581600%,1.1298467087466200%,0.046438232642019800%,$45285.80,2164208M_2233145F
3,Louisiana,4625253,4.866489361702130%,54.978546099290800%,36.32624113475180%,0.48430851063829800%,1.669060283687940%,0.039184397163120600%,$44957.99,2261156M_2364097F
4,Maine,1329100,1.4319088319088300%,93.70740740740740%,1.1344729344729400%,0.7883190883190890%,0.9658119658119670%,0.01566951566951570%,$49181.97,650081M_679019F
5,Maryland,5930538,8.47249820014399%,52.679049676026%,30.6777537796976%,0.20309575233981300%,5.325413966882650%,0.03628509719222460%,$78765.40,2872643M_F