,State,TotalPop,Hispanic,White,Black,Native,Asian,Pacific,Income,GenderPop
0,Utah,2903379,13.468376068376100%,79.40683760683760%,1.0179487179487200%,1.0813675213675200%,2.196068376068380%,0.8259829059829060%,$63488.92,1459229M_1444150F
1,Vermont,626604,1.6092896174863400%,93.98306010928960%,0.9808743169398910%,0.301639344262295%,1.2387978142076500%,0.03060109289617490%,$55602.97,308573M_318031F
2,Virginia,8256630,8.0110164981373%,63.271048430015895%,20.17599787120810%,0.21245343267695600%,5.455242150079850%,0.06471527408195850%,$72866.01,4060948M_4195682F
3,Washington,6985464,11.140968858131501%,72.03840830449820%,3.384429065743950%,1.4107266435986200%,7.022006920415221%,0.609896193771627%,$64493.77,3487725M_3497739F
4,West Virginia,1851420,1.290909090909090%,92.17623966942150%,3.6628099173553700%,0.15268595041322300%,0.6824380165289250%,0.02644628099173550%,$41437.11,913631M_937789F
5,Wisconsin,5742117,6.683333333333330%,79.86400862068970%,8.195186781609200%,0.9536637931034480%,2.404238505747120%,0.020833333333333300%,$53898.89,2851385M_2890732F