,State,TotalPop,Hispanic,White,Black,Native,Asian,Pacific,Income,GenderPop
0,Missouri,6045448,4.037247838616720%,77.508069164265%,14.122118155619601%,0.36332853025936600%,1.6244956772334300%,0.10165706051873200%,$49763.99,2964003M_3081445F
1,Montana,1014699,3.2688888888888900%,86.41555555555550%,0.4292592592592590%,7.0607407407407400%,0.5703703703703710%,0.07222222222222220%,$47645.68,510163M_F
2,Nebraska,1869365,9.203759398496240%,81.13947368421060%,4.956203007518790%,0.8644736842105260%,1.8590225563909800%,0.05714285714285720%,$55916.47,929606M_939759F
3,Nevada,2798636,27.100883652430003%,53.23932253313700%,7.739617083946990%,1.0871870397643600%,7.095729013254790%,0.5745213549337270%,$55526.53,1407735M_1390901F
4,New Hampshire,1324201,3.3219178082191800%,91.31917808219180%,1.2277397260274000%,0.14280821917808200%,2.191438356164380%,0.016095890410958900%,$68728.86,653484M_670717F
5,New Jersey,8904413,18.74950049950050%,56.488761238761300%,14.387862137862100%,0.11533466533466500%,8.159990009990020%,0.031318681318681300%,$76581.08,4343027M_4561386F