,State,TotalPop,Hispanic,White,Black,Native,Asian,Pacific,Income,GenderPop
0,Georgia,10006693,8.418242207460400%,54.28630556974960%,32.08829841594280%,0.18758303525804800%,3.0976494634644900%,0.046601941747572800%,$50811.08,4883331M_5123362F
1,Hawaii,1406299,9.186708860759490%,25.032278481012700%,2.052848101265820%,0.1449367088607600%,36.59208860759500%,8.758860759493670%,$73264.43,709871M_696428F
2,Idaho,1616547,11.505369127516800%,83.1362416107383%,0.5667785234899320%,1.468120805369130%,1.135906040268460%,0.1271812080536910%,$48017.32,810464M_806083F
3,Illinois,12873761,15.601733547351500%,60.85980738362760%,17.108410914927700%,0.11842696629213500%,4.475377207062600%,0.02003210272873200%,$59587.05,6316899M_6556862F
4,Indiana,6568645,6.536744186046501%,78.43189368770770%,11.18697674418610%,0.1940863787375420%,1.5782724252491700%,0.03262458471760800%,$48616.23,3235263M_3333382F
5,Iowa,3093526,5.30364520048603%,87.71968408262461%,3.2569866342648900%,0.2897934386391250%,1.699392466585660%,0.055164034021871200%,$53017.75,1534595M_1558931F