,State,TotalPop,Hispanic,White,Black,Native,Asian,Pacific,Income,GenderPop
0,New Jersey,8904413,18.74950049950050%,56.488761238761300%,14.387862137862100%,0.11533466533466500%,8.159990009990020%,0.031318681318681300%,$76581.08,4343027M_4561386F
1,New Mexico,2084117,45.28293172690760%,40.69799196787150%,1.7550200803212900%,9.248594377510050%,1.23433734939759%,0.04277108433734940%,$47329.97,1032414M_1051703F
2,New York,19673174,17.241424747786700%,56.4701050030883%,15.668046119003500%,0.32163887173152100%,7.8971587399629400%,0.023450689726168400%,$64290.75,9541801M_10131373F
3,North Carolina,9845333,8.464762782128060%,64.5976508521419%,21.3951174573929%,1.0854905573468400%,2.317457392906500%,0.05232611699677570%,$49937.46,4795408M_5049925F
4,North Dakota,721640,2.832682926829270%,87.44829268292679%,1.2843902439024400%,5.651219512195120%,0.9619512195121950%,,$58188.11,367963M_353677F
5,Ohio,11575977,3.6720843250595000%,75.90306018361100%,16.207276436586200%,0.16888813328799700%,1.6210812648759000%,0.022645358721523300%,$49655.25,5662893M_5913084F