,State,TotalPop,Hispanic,White,Black,Native,Asian,Pacific,Income,GenderPop
0,Colorado,5278906,20.78438003220610%,69.89557165861500%,3.546376811594200%,0.5738325281803550%,2.661996779388080%,,$64657.80,2648667M_2630239F
1,Connecticut,3593222,15.604830917874398%,67.6770531400966%,10.34806763285030%,0.12620772946859900%,4.021980676328500%,0.018599033816425100%,$76146.56,1751607M_1841615F
2,Delaware,926454,8.82476635514019%,64.63271028037380%,20.743925233644800%,0.25981308411215000%,3.2686915887850500%,,$61827.98,448413M_478041F
3,District of Columbia,647484,9.165921787709500%,33.103910614525100%,51.77653631284920%,0.20055865921787700%,3.3832402234636900%,0.029608938547486000%,$75466.36,306674M_340810F
4,Florida,19645772,21.3385426653884%,59.08374880153400%,15.165675934803400%,0.2104506232023020%,2.2831735378715300%,0.05151006711409390%,$50690.19,9600009M_10045763F
5,Georgia,10006693,8.418242207460400%,54.28630556974960%,32.08829841594280%,0.18758303525804800%,3.0976494634644900%,0.046601941747572800%,$50811.08,4883331M_5123362F