,State,TotalPop,Hispanic,White,Black,Native,Asian,Pacific,Income,GenderPop
0,Rhode Island,1053661,13.356666666666700%,74.32541666666670%,5.68291666666667%,0.3462500000000000%,3.2475000000000000%,0.035833333333333300%,$59125.27,510388M_543273F
1,South Carolina,4777576,5.056684981684990%,62.888736263736200%,28.75091575091580%,0.2923992673992670%,1.249175824175820%,0.046978021978022000%,$46296.81,2322409M_2455167F
2,South Dakota,843190,3.2396396396396400%,82.50090090090090%,1.4238738738738800%,9.417567567567570%,1.0193693693693700%,0.04189189189189190%,$51805.41,423477M_419713F
3,Tennessee,6499615,4.720026972353340%,73.49008766014819%,18.283816587997300%,0.22663519892110600%,1.4072825354012100%,0.04315576534052600%,$47328.08,3167756M_3331859F
4,Texas,26538614,38.04673809068300%,44.687908934379100%,11.65004782858240%,0.26114405969007100%,3.6696958102161800%,0.06881576430074610%,$55874.52,13171316M_13367298F
5,Utah,2903379,13.468376068376100%,79.40683760683760%,1.0179487179487200%,1.0813675213675200%,2.196068376068380%,0.8259829059829060%,$63488.92,1459229M_1444150F